n1,n2,weight
0,1,-1.0
2,3,1.0
4,3,1.0
5,3,1.0
6,7,-1.0
8,9,-1.0
10,11,-1.0
12,11,-1.0
13,14,-1.0
15,14,-1.0
16,17,1.0
18,17,1.0
19,17,1.0
20,17,1.0
21,17,1.0
22,17,1.0
23,17,1.0
24,17,-1.0
25,17,-1.0
26,17,-1.0
27,17,-1.0
28,29,-1.0
30,31,-1.0
32,33,-1.0
34,35,1.0
36,35,1.0
37,35,1.0
38,35,1.0
39,35,1.0
40,35,1.0
41,35,-1.0
42,35,-1.0
43,35,-1.0
44,45,-1.0
46,45,-1.0
47,48,1.0
49,48,1.0
50,48,1.0
51,48,1.0
52,48,-1.0
53,48,-1.0
54,48,-1.0
55,56,-1.0
57,56,-1.0
58,59,-1.0
60,59,-1.0
61,62,-1.0
63,62,-1.0
64,65,1.0
66,65,1.0
67,65,1.0
68,65,-1.0
69,70,-1.0
71,70,-1.0
72,70,-1.0
73,74,-1.0
75,74,-1.0
76,77,1.0
78,79,-1.0
80,81,-1.0
82,83,1.0
84,83,1.0
85,86,-1.0
87,88,-1.0
89,88,-1.0
90,88,-1.0
91,88,-1.0
92,93,1.0
94,93,1.0
95,93,1.0
96,93,1.0
97,93,1.0
98,93,-1.0
99,93,-1.0
100,101,1.0
102,101,1.0
103,104,1.0
105,104,1.0
106,104,1.0
107,104,1.0
108,104,-1.0
109,104,-1.0
110,104,-1.0
111,104,-1.0
112,104,-1.0
113,114,-1.0
115,116,-1.0
117,116,-1.0
118,116,-1.0
119,116,-1.0
120,116,-1.0
121,122,-1.0
123,122,-1.0
124,125,-1.0
126,127,1.0
128,127,1.0
129,127,1.0
130,131,1.0
132,131,1.0
133,131,1.0
134,131,1.0
135,131,1.0
136,131,1.0
137,131,-1.0
138,139,1.0
140,139,1.0
141,139,1.0
142,143,-1.0
144,143,-1.0
145,146,-1.0
147,146,-1.0
148,149,1.0
150,149,1.0
151,149,-1.0
152,153,-1.0
154,153,-1.0
155,153,-1.0
156,153,-1.0
157,145,-1.0
158,159,0.0
160,159,0.0
161,159,0.0
162,159,0.0
163,159,0.0
164,159,0.0
165,159,0.0
17,159,0.0
166,159,0.0
167,159,0.0
168,159,0.0
169,159,0.0
170,159,0.0
171,159,0.0
172,159,0.0
173,159,0.0
174,159,0.0
175,159,0.0
165,159,0.0
176,159,0.0
177,159,0.0
178,159,0.0
179,159,0.0
180,159,0.0
181,159,0.0
182,159,0.0
183,159,0.0
161,159,0.0
184,159,0.0
185,159,0.0
186,159,0.0
174,159,0.0
187,159,0.0
188,159,0.0
189,159,0.0
177,159,0.0
161,159,0.0
187,159,0.0
174,159,0.0
190,159,0.0
162,159,0.0
163,159,0.0
191,159,0.0
192,159,0.0
185,159,0.0
158,159,0.0
193,159,0.0
182,159,0.0
194,159,0.0
17,159,0.0
173,159,0.0
195,159,0.0
179,159,0.0
196,159,0.0
169,159,0.0
197,159,0.0
166,159,0.0
198,159,0.0
172,159,0.0
186,159,0.0
199,159,0.0
200,159,0.0
160,159,0.0
201,159,0.0
184,159,0.0
202,159,0.0
180,159,0.0
168,159,0.0
203,159,0.0
165,159,0.0
176,159,0.0
175,159,0.0
204,159,0.0
171,159,0.0
170,159,0.0
181,159,0.0
205,159,0.0
206,207,1.0
208,207,1.0
209,210,-1.0
211,210,-1.0
212,210,-1.0
213,210,-1.0
214,210,-1.0
215,210,-1.0
216,217,1.0
218,219,-1.0
220,219,-1.0
221,219,-1.0
222,223,-1.0
224,225,-1.0
226,227,-1.0
228,229,1.0
230,229,1.0
231,229,1.0
232,229,1.0
233,229,1.0
234,235,-1.0
236,237,1.0
238,237,1.0
239,240,-1.0
109,241,-1.0
242,195,1.0
243,195,1.0
244,195,1.0
245,195,1.0
246,195,1.0
247,195,1.0
248,195,-1.0
65,195,-1.0
249,195,-1.0
250,195,-1.0
251,195,-1.0
252,195,-1.0
253,195,-1.0
254,195,-1.0
255,195,-1.0
256,195,-1.0
257,258,-1.0
259,260,-1.0
261,262,-1.0
263,262,-1.0
264,39,-1.0
265,266,1.0
267,266,1.0
268,266,1.0
269,266,1.0
270,266,1.0
271,266,1.0
272,266,1.0
273,266,-1.0
274,266,-1.0
275,266,-1.0
14,266,-1.0
276,266,-1.0
277,266,-1.0
9,266,-1.0
278,279,1.0
280,279,1.0
281,279,1.0
81,279,1.0
282,279,1.0
283,279,-1.0
284,279,-1.0
285,286,-1.0
287,288,1.0
289,288,1.0
290,288,-1.0
291,288,-1.0
292,288,-1.0
293,288,-1.0
294,295,1.0
296,295,1.0
297,295,1.0
298,295,1.0
299,295,1.0
300,295,1.0
301,302,1.0
303,302,1.0
304,302,1.0
305,302,-1.0
306,307,1.0
308,307,1.0
309,307,1.0
310,307,-1.0
311,307,-1.0
312,307,-1.0
313,176,1.0
314,176,1.0
315,176,1.0
316,176,1.0
317,176,1.0
318,176,-1.0
319,176,-1.0
320,176,-1.0
321,176,-1.0
237,176,-1.0
322,291,-1.0
323,291,-1.0
324,50,-1.0
325,50,-1.0
326,327,1.0
235,327,1.0
328,327,1.0
329,327,1.0
330,327,1.0
331,327,-1.0
332,327,-1.0
333,334,1.0
335,334,1.0
336,334,1.0
337,334,-1.0
338,339,1.0
340,339,1.0
341,342,1.0
343,342,1.0
344,342,1.0
345,342,1.0
346,347,1.0
348,347,1.0
349,347,1.0
350,347,1.0
351,347,1.0
352,347,-1.0
353,347,-1.0
354,347,-1.0
355,356,-1.0
357,356,-1.0
358,359,-1.0
360,361,-1.0
362,363,-1.0
364,365,-1.0
366,203,1.0
365,203,1.0
364,203,-1.0
367,203,-1.0
368,369,-1.0
370,369,-1.0
371,369,-1.0
372,369,-1.0
373,374,-1.0
375,376,-1.0
377,376,-1.0
378,376,-1.0
379,380,-1.0
381,380,-1.0
382,293,-1.0
383,293,-1.0
384,293,-1.0
385,386,-1.0
387,386,-1.0
388,386,-1.0
389,390,1.0
391,390,1.0
392,390,1.0
393,394,-1.0
395,396,1.0
397,396,-1.0
398,399,1.0
400,399,1.0
401,399,1.0
402,399,1.0
403,399,1.0
404,197,1.0
405,197,1.0
406,197,1.0
407,197,1.0
408,197,1.0
409,197,-1.0
93,197,-1.0
410,197,-1.0
411,197,-1.0
412,197,-1.0
101,197,-1.0
413,414,1.0
415,414,1.0
416,414,1.0
417,414,1.0
418,414,1.0
419,414,1.0
420,414,1.0
421,414,-1.0
422,414,-1.0
423,414,-1.0
424,414,-1.0
425,414,-1.0
426,427,-1.0
428,429,-1.0
430,404,1.0
29,404,1.0
431,404,1.0
227,404,1.0
432,404,-1.0
433,404,-1.0
434,435,-1.0
436,435,-1.0
437,435,-1.0
438,435,-1.0
439,435,-1.0
147,435,-1.0
440,441,1.0
442,441,1.0
443,441,1.0
444,441,-1.0
445,350,-1.0
446,447,-1.0
448,447,-1.0
449,450,-1.0
451,450,-1.0
411,452,-1.0
453,452,-1.0
454,189,1.0
455,189,1.0
456,189,-1.0
457,458,1.0
459,458,1.0
460,458,1.0
461,458,1.0
462,458,1.0
463,408,1.0
464,408,1.0
465,408,1.0
466,408,1.0
59,408,1.0
467,408,1.0
468,408,-1.0
469,408,-1.0
470,408,-1.0
471,408,-1.0
472,473,-1.0
474,473,-1.0
475,473,-1.0
476,473,-1.0
477,473,-1.0
478,479,-1.0
480,479,-1.0
481,482,1.0
483,482,1.0
484,482,1.0
485,482,1.0
486,487,-1.0
488,489,-1.0
490,489,-1.0
491,492,-1.0
493,492,-1.0
494,492,-1.0
495,206,1.0
496,497,1.0
498,497,1.0
499,497,-1.0
500,497,-1.0
501,502,1.0
503,502,1.0
504,502,1.0
505,413,1.0
506,413,1.0
216,413,1.0
217,413,1.0
507,346,-1.0
508,243,1.0
509,243,1.0
510,243,1.0
511,512,-1.0
513,512,-1.0
514,138,-1.0
143,406,1.0
515,406,1.0
376,406,1.0
516,406,-1.0
517,192,1.0
497,192,1.0
518,192,1.0
519,192,-1.0
520,192,-1.0
521,192,-1.0
522,192,-1.0
523,524,1.0
525,526,1.0
527,526,1.0
528,526,1.0
529,526,1.0
530,526,1.0
531,532,1.0
533,532,1.0
534,532,1.0
535,532,1.0
536,532,1.0
537,538,-1.0
539,538,-1.0
540,538,-1.0
541,538,-1.0
542,538,-1.0
543,538,-1.0
544,538,-1.0
545,546,1.0
547,546,1.0
548,546,1.0
207,546,-1.0
549,550,-1.0
551,550,-1.0
552,553,-1.0
554,553,-1.0
555,553,-1.0
556,553,-1.0
557,553,-1.0
558,559,1.0
560,559,1.0
561,559,1.0
562,559,1.0
563,559,1.0
564,559,1.0
565,559,1.0
566,517,1.0
567,517,1.0
568,517,1.0
569,517,1.0
570,571,-1.0
572,571,-1.0
573,574,1.0
575,574,1.0
576,574,1.0
577,574,1.0
578,574,1.0
579,574,-1.0
580,581,1.0
582,581,1.0
583,581,1.0
584,581,1.0
585,581,1.0
586,581,1.0
587,581,1.0
588,581,1.0
589,590,-1.0
394,591,-1.0
592,593,1.0
594,593,-1.0
595,596,1.0
597,596,1.0
598,596,1.0
599,596,1.0
31,596,1.0
600,596,-1.0
601,602,1.0
603,602,1.0
394,604,1.0
605,604,1.0
606,604,1.0
607,604,1.0
608,604,1.0
609,604,-1.0
610,604,-1.0
611,604,-1.0
612,604,-1.0
613,614,-1.0
615,616,-1.0
617,616,-1.0
618,619,1.0
620,619,1.0
356,619,1.0
621,619,1.0
622,623,-1.0
624,623,-1.0
625,439,-1.0
626,439,-1.0
627,439,-1.0
628,439,-1.0
629,439,-1.0
630,439,-1.0
631,168,1.0
632,168,1.0
131,168,1.0
229,168,1.0
633,168,1.0
279,168,1.0
634,168,1.0
635,168,-1.0
636,168,-1.0
637,168,-1.0
638,639,-1.0
640,639,-1.0
641,639,-1.0
642,643,1.0
644,643,1.0
645,646,-1.0
647,646,-1.0
648,646,-1.0
147,646,-1.0
649,650,-1.0
651,650,-1.0
652,183,1.0
653,183,1.0
654,655,-1.0
656,657,-1.0
658,659,1.0
660,659,1.0
661,662,-1.0
663,662,-1.0
664,665,1.0
666,665,1.0
667,665,1.0
668,665,1.0
669,665,1.0
670,671,1.0
672,671,1.0
673,674,1.0
675,674,1.0
676,674,1.0
677,674,1.0
678,674,1.0
679,674,1.0
680,681,-1.0
682,683,-1.0
684,490,-1.0
685,686,1.0
687,686,1.0
688,686,1.0
689,686,1.0
690,686,1.0
691,686,1.0
692,686,1.0
693,686,-1.0
694,695,1.0
696,695,1.0
697,695,1.0
698,695,1.0
699,695,-1.0
700,695,-1.0
701,667,-1.0
702,256,1.0
703,256,1.0
704,256,1.0
705,256,1.0
414,256,1.0
706,256,1.0
707,708,1.0
709,708,1.0
710,708,1.0
593,708,1.0
711,708,1.0
712,708,1.0
713,708,-1.0
714,708,-1.0
715,708,-1.0
716,708,-1.0
717,708,-1.0
718,708,-1.0
719,301,-1.0
720,301,-1.0
721,301,-1.0
722,723,-1.0
724,547,-1.0
725,336,-1.0
726,336,-1.0
727,336,-1.0
728,336,-1.0
729,336,-1.0
730,731,-1.0
732,731,-1.0
733,734,-1.0
735,180,1.0
736,180,1.0
737,180,1.0
738,180,1.0
739,180,1.0
740,180,1.0
741,180,-1.0
742,180,-1.0
743,180,-1.0
619,180,-1.0
744,180,-1.0
745,180,-1.0
746,747,-1.0
712,579,-1.0
748,749,-1.0
750,751,-1.0
752,753,-1.0
754,246,1.0
755,246,1.0
756,246,1.0
757,246,1.0
758,759,-1.0
760,759,-1.0
761,37,-1.0
762,193,1.0
763,193,-1.0
764,765,1.0
766,765,1.0
767,765,1.0
768,765,1.0
769,765,1.0
770,765,-1.0
771,772,-1.0
773,772,-1.0
774,772,-1.0
775,772,-1.0
776,484,-1.0
777,778,1.0
779,778,1.0
780,778,1.0
781,782,-1.0
783,784,-1.0
785,784,-1.0
786,784,-1.0
787,788,-1.0
789,790,1.0
791,790,1.0
77,790,1.0
87,790,1.0
792,793,1.0
794,793,1.0
795,793,1.0
796,797,-1.0
798,797,-1.0
799,797,-1.0
800,744,1.0
801,744,1.0
802,803,1.0
804,803,1.0
805,803,1.0
806,803,1.0
807,803,1.0
808,803,1.0
809,803,-1.0
810,251,1.0
811,251,1.0
812,251,-1.0
813,251,-1.0
814,251,-1.0
815,251,-1.0
816,251,-1.0
817,818,1.0
819,818,1.0
820,818,1.0
821,818,1.0
822,818,-1.0
823,818,-1.0
68,64,-1.0
824,825,1.0
826,825,1.0
827,825,1.0
828,825,1.0
829,825,1.0
830,825,-1.0
751,825,-1.0
831,825,-1.0
832,833,-1.0
834,835,1.0
836,835,1.0
837,838,-1.0
839,838,-1.0
265,840,1.0
841,840,1.0
268,840,1.0
269,840,1.0
270,840,1.0
842,840,1.0
843,840,1.0
844,840,-1.0
845,840,-1.0
275,840,-1.0
14,840,-1.0
846,840,-1.0
277,840,-1.0
9,840,-1.0
847,130,1.0
848,849,-1.0
850,849,-1.0
851,849,-1.0
852,849,-1.0
853,854,1.0
855,854,1.0
856,854,1.0
857,854,1.0
858,854,1.0
859,854,1.0
860,854,-1.0
861,854,-1.0
862,854,-1.0
863,854,-1.0
864,281,-1.0
865,281,-1.0
866,867,-1.0
868,867,-1.0
869,870,1.0
871,870,1.0
872,870,-1.0
873,870,-1.0
874,870,-1.0
875,876,-1.0
877,876,-1.0
878,879,-1.0
880,879,-1.0
881,401,1.0
882,883,1.0
884,883,1.0
885,883,1.0
886,883,1.0
887,888,1.0
889,888,1.0
890,888,1.0
891,888,1.0
892,742,1.0
893,742,1.0
894,742,1.0
895,896,1.0
897,896,1.0
898,896,1.0
899,896,1.0
900,896,1.0
860,857,-1.0
901,902,1.0
903,32,-1.0
904,905,-1.0
906,205,1.0
907,205,-1.0
908,909,-1.0
387,909,-1.0
910,4,-1.0
655,911,-1.0
912,190,1.0
913,190,1.0
914,190,1.0
915,190,1.0
916,190,-1.0
790,190,-1.0
917,190,-1.0
918,190,-1.0
919,920,-1.0
506,920,-1.0
921,920,-1.0
922,923,-1.0
924,923,-1.0
925,431,-1.0
926,431,-1.0
927,928,-1.0
860,595,-1.0
929,595,-1.0
930,595,-1.0
931,595,-1.0
932,595,-1.0
933,934,-1.0
935,936,1.0
849,936,1.0
937,936,1.0
275,936,1.0
938,936,-1.0
851,936,-1.0
840,936,-1.0
848,936,-1.0
295,936,-1.0
297,936,-1.0
909,158,1.0
386,158,1.0
879,158,1.0
590,158,1.0
553,158,1.0
939,158,1.0
940,158,-1.0
941,158,-1.0
942,158,-1.0
943,158,-1.0
944,158,-1.0
223,158,-1.0
945,946,-1.0
947,946,-1.0
409,28,1.0
93,28,1.0
410,28,1.0
948,28,1.0
949,187,1.0
950,187,1.0
951,187,1.0
952,187,1.0
953,187,1.0
954,187,1.0
955,187,1.0
956,187,-1.0
957,187,-1.0
958,187,-1.0
959,187,-1.0
960,961,1.0
962,961,1.0
963,961,1.0
964,961,1.0
965,961,-1.0
966,961,-1.0
923,961,-1.0
967,961,-1.0
968,961,-1.0
969,961,-1.0
286,961,-1.0
970,961,-1.0
369,961,-1.0
971,961,-1.0
972,973,-1.0
974,973,-1.0
442,975,-1.0
976,977,-1.0
978,954,-1.0
959,954,-1.0
979,980,-1.0
981,980,-1.0
982,980,-1.0
983,135,1.0
984,135,-1.0
985,986,1.0
987,986,1.0
988,986,1.0
989,986,-1.0
990,991,1.0
992,991,1.0
993,991,1.0
994,991,-1.0
995,991,-1.0
996,997,-1.0
998,999,-1.0
1000,999,-1.0
1001,1002,1.0
1003,1002,1.0
1004,1002,1.0
427,1002,-1.0
1005,1006,-1.0
1007,970,-1.0
1008,970,-1.0
1009,970,-1.0
965,970,-1.0
1010,814,1.0
1011,814,1.0
581,814,1.0
1012,814,1.0
1013,862,-1.0
1014,862,-1.0
1015,1016,1.0
1017,1016,1.0
1018,1016,1.0
70,1019,1.0
1020,1019,1.0
1021,1019,1.0
1022,1019,1.0
1023,1019,1.0
62,1019,1.0
1024,314,1.0
1025,314,-1.0
1026,1027,-1.0
1028,1027,-1.0
1029,1030,1.0
1031,1030,1.0
1032,1030,1.0
1033,1030,1.0
1034,1035,-1.0
1036,1037,-1.0
1038,939,-1.0
1039,1040,-1.0
1041,1042,1.0
1043,1042,1.0
1044,1042,1.0
759,1042,1.0
1045,521,1.0
1046,521,1.0
1047,1048,-1.0
1049,1048,-1.0
1050,966,-1.0
1051,966,-1.0
1052,966,-1.0
1053,966,-1.0
1054,1055,1.0
1056,1055,1.0
1057,1055,1.0
1058,1055,1.0
1059,1060,-1.0
1061,770,1.0
1062,1063,-1.0
374,1064,1.0
1065,1064,1.0
1066,1064,1.0
715,1064,1.0
1067,1064,1.0
1068,1064,1.0
753,1064,1.0
450,1064,1.0
1069,1064,-1.0
1070,1064,-1.0
1071,1064,-1.0
1072,1064,-1.0
1073,1074,1.0
1075,1074,1.0
1076,1074,1.0
1077,1074,1.0
1078,1074,1.0
1079,1074,1.0
1080,1074,1.0
1081,1074,-1.0
1082,1083,-1.0
1084,1085,-1.0
1086,1087,-1.0
1088,1087,-1.0
1089,1087,-1.0
1090,1087,-1.0
1091,1092,-1.0
1093,230,-1.0
1094,588,1.0
1095,588,1.0
1096,990,-1.0
1097,990,-1.0
1098,635,1.0
1037,635,-1.0
136,635,-1.0
1099,633,1.0
1100,633,1.0
888,633,1.0
1101,633,1.0
1102,633,1.0
1103,633,1.0
1104,633,1.0
1105,633,1.0
1106,633,-1.0
1107,633,-1.0
1108,573,-1.0
409,169,1.0
93,169,1.0
410,169,1.0
411,169,1.0
412,169,1.0
101,169,1.0
404,169,-1.0
405,169,-1.0
406,169,-1.0
407,169,-1.0
408,169,-1.0
1109,576,-1.0
1110,576,-1.0
1111,576,-1.0
1112,576,-1.0
1113,1114,-1.0
1115,1114,-1.0
1116,692,-1.0
1117,692,-1.0
1118,692,-1.0
1119,1033,-1.0
1120,1033,-1.0
1121,1033,-1.0
1122,1066,-1.0
1123,1066,-1.0
1124,1066,-1.0
1125,736,1.0
1126,736,1.0
1127,736,1.0
902,853,-1.0
1128,853,-1.0
1129,853,-1.0
1130,853,-1.0
1131,1132,-1.0
147,1132,-1.0
550,1133,-1.0
1134,1133,-1.0
1135,1136,1.0
1137,1136,1.0
1138,1139,-1.0
1140,1139,-1.0
1141,1142,-1.0
1143,1144,1.0
1145,1041,-1.0
1146,1147,1.0
1139,1147,1.0
1148,1149,-1.0
104,202,1.0
1150,202,1.0
1151,202,1.0
1152,202,-1.0
1153,202,-1.0
1154,202,-1.0
1155,1156,-1.0
1035,634,1.0
1157,634,1.0
1158,634,1.0
56,634,1.0
1159,634,1.0
1160,634,-1.0
1161,634,-1.0
1162,485,-1.0
1163,485,-1.0
1164,1165,-1.0
1166,1167,-1.0
1168,328,-1.0
1169,1170,1.0
1171,1170,1.0
1172,1170,1.0
1173,179,1.0
1174,179,1.0
1175,179,1.0
1176,179,1.0
1177,179,1.0
1178,179,1.0
1179,179,1.0
1180,179,1.0
1181,179,1.0
1182,179,1.0
1183,179,1.0
1184,179,1.0
1185,179,1.0
1186,179,-1.0
1187,179,-1.0
1188,179,-1.0
1189,179,-1.0
1190,179,-1.0
1191,179,-1.0
1192,179,-1.0
1193,179,-1.0
1194,179,-1.0
1195,179,-1.0
1196,179,-1.0
1197,179,-1.0
1198,133,-1.0
1199,133,-1.0
1200,133,-1.0
1201,469,-1.0
1202,423,-1.0
1203,1204,-1.0
1205,861,-1.0
1206,861,-1.0
1207,1208,-1.0
1209,1208,-1.0
1210,1211,1.0
1212,1211,1.0
1213,1211,1.0
1214,1211,1.0
1215,1211,1.0
1216,779,-1.0
440,779,-1.0
1217,351,-1.0
1218,351,-1.0
1219,351,-1.0
1220,1221,-1.0
1222,248,1.0
1223,248,1.0
1040,248,1.0
1224,248,1.0
1225,1226,-1.0
966,964,-1.0
967,964,-1.0
1227,964,-1.0
1228,49,-1.0
1229,49,-1.0
1230,49,-1.0
1231,49,-1.0
1232,739,1.0
1233,739,1.0
487,739,1.0
1234,739,1.0
1235,739,-1.0
1236,1237,1.0
1238,1237,1.0
1239,1237,1.0
1240,1241,-1.0
1242,1243,-1.0
1244,349,-1.0
1245,349,-1.0
1246,1247,-1.0
1248,1247,-1.0
1249,1247,-1.0
1250,1247,-1.0
1251,1252,-1.0
1253,806,-1.0
1254,1255,-1.0
1256,1255,-1.0
1257,1258,-1.0
1259,1258,-1.0
1260,1258,-1.0
1261,1258,-1.0
1262,335,-1.0
1263,827,-1.0
1264,1265,-1.0
1266,1265,-1.0
1267,1265,-1.0
1268,178,1.0
1269,178,1.0
1270,178,1.0
1271,178,1.0
1272,178,1.0
1273,178,1.0
1274,178,1.0
1275,178,1.0
1276,178,1.0
1277,178,1.0
1278,178,1.0
1279,178,1.0
1280,178,1.0
1281,178,1.0
1282,178,1.0
1283,178,1.0
1284,178,1.0
1285,178,1.0
1286,178,1.0
1287,178,1.0
1288,178,1.0
1289,178,1.0
1290,178,1.0
1291,178,1.0
1292,178,1.0
1293,178,1.0
1294,178,1.0
1295,178,1.0
1296,178,1.0
1297,178,1.0
1298,178,1.0
1299,178,1.0
1300,178,1.0
1301,178,1.0
1302,178,1.0
1303,178,1.0
1304,178,1.0
1305,178,1.0
1306,178,1.0
1307,178,1.0
1308,178,1.0
1309,178,1.0
1310,178,1.0
1311,178,1.0
1312,178,1.0
1313,178,1.0
1314,178,1.0
1315,178,1.0
1316,178,1.0
1317,178,1.0
1318,178,1.0
1319,178,1.0
1320,178,1.0
1321,178,1.0
1322,178,1.0
1323,178,1.0
1324,178,1.0
1325,178,1.0
1326,178,1.0
1327,178,1.0
1328,178,1.0
1329,178,1.0
1330,178,1.0
1331,178,1.0
1332,178,1.0
1333,178,1.0
1334,178,1.0
1335,178,1.0
1336,178,1.0
1337,178,1.0
1338,178,1.0
1339,178,1.0
1340,178,1.0
1341,178,1.0
1342,178,-1.0
1343,178,-1.0
1344,178,-1.0
1345,178,-1.0
1346,178,-1.0
1347,178,-1.0
1348,178,-1.0
1349,178,-1.0
1350,178,-1.0
1351,178,-1.0
1352,178,-1.0
1353,178,-1.0
1354,178,-1.0
1355,178,-1.0
1356,178,-1.0
1357,178,-1.0
1358,178,-1.0
1359,178,-1.0
1360,178,-1.0
1361,178,-1.0
1362,178,-1.0
1363,178,-1.0
1364,178,-1.0
1365,178,-1.0
1366,178,-1.0
1367,178,-1.0
1368,178,-1.0
1369,178,-1.0
1370,178,-1.0
1371,178,-1.0
1372,178,-1.0
1373,178,-1.0
1374,178,-1.0
1375,178,-1.0
1376,178,-1.0
1377,178,-1.0
1378,178,-1.0
1379,178,-1.0
1380,178,-1.0
1381,178,-1.0
1382,178,-1.0
1383,178,-1.0
1384,178,-1.0
1385,178,-1.0
1386,178,-1.0
1387,178,-1.0
1388,178,-1.0
1389,178,-1.0
1390,178,-1.0
1391,178,-1.0
1392,178,-1.0
1393,178,-1.0
1394,178,-1.0
1395,178,-1.0
1396,178,-1.0
1397,178,-1.0
1398,178,-1.0
1399,178,-1.0
1400,178,-1.0
1401,178,-1.0
1402,284,-1.0
1403,1404,-1.0
1405,1406,1.0
1407,1406,1.0
1408,1406,1.0
1409,1406,1.0
662,1406,1.0
1410,1406,-1.0
1411,1406,-1.0
1412,1406,-1.0
713,1406,-1.0
1413,1414,1.0
1415,1416,-1.0
1417,1416,-1.0
788,412,1.0
1418,412,1.0
1419,412,1.0
1420,412,-1.0
1421,1422,-1.0
1423,1422,-1.0
1424,1018,-1.0
1425,1018,-1.0
1426,1018,-1.0
1427,1428,1.0
1429,1428,1.0
1430,1428,1.0
1431,1428,1.0
1432,1428,1.0
840,1433,-1.0
1434,930,-1.0
1435,96,-1.0
1436,96,-1.0
1437,96,-1.0
1438,191,1.0
458,191,1.0
559,191,1.0
1042,191,1.0
1439,191,1.0
1440,191,1.0
538,191,-1.0
1016,191,-1.0
1441,191,-1.0
1442,191,-1.0
1443,191,-1.0
1444,1445,1.0
1446,1447,1.0
1448,1447,1.0
1449,1450,1.0
1451,1450,1.0
1452,1450,1.0
1453,1450,1.0
1454,1455,-1.0
1456,250,1.0
1457,250,1.0
473,250,1.0
920,250,1.0
1458,250,1.0
1459,250,1.0
1460,250,1.0
1461,250,-1.0
1462,1065,-1.0
1463,1065,-1.0
1464,1065,-1.0
1465,1065,-1.0
1466,1467,1.0
1468,1467,1.0
1469,1467,1.0
1470,1467,1.0
1471,245,1.0
1472,245,1.0
1473,245,1.0
1474,319,1.0
1475,319,1.0
1476,319,1.0
1477,319,1.0
1478,319,1.0
1479,319,1.0
1480,319,1.0
1481,319,1.0
991,174,1.0
35,174,1.0
1482,174,1.0
149,174,1.0
1483,174,1.0
1482,174,1.0
1484,174,-1.0
1485,174,-1.0
1450,174,-1.0
1486,174,-1.0
784,174,-1.0
1487,1439,1.0
1488,1439,1.0
1489,1439,1.0
1490,1439,1.0
1491,1439,1.0
1492,1439,1.0
1493,1439,1.0
1494,1495,1.0
1496,1497,-1.0
1498,1499,-1.0
1500,1501,-1.0
1502,1501,-1.0
1503,1501,-1.0
494,1501,-1.0
1504,463,-1.0
1505,463,-1.0
1506,463,-1.0
1507,470,-1.0
1508,470,-1.0
1509,1510,-1.0
1511,1512,-1.0
1513,963,-1.0
967,963,-1.0
1514,963,-1.0
1515,963,-1.0
1516,963,-1.0
860,599,-1.0
861,599,-1.0
1517,599,-1.0
1518,599,-1.0
1519,277,-1.0
268,277,-1.0
1520,277,-1.0
1521,1408,-1.0
1522,1408,-1.0
825,161,1.0
622,161,1.0
1523,161,1.0
1524,161,1.0
1063,161,1.0
838,161,1.0
1525,161,1.0
125,161,1.0
79,161,-1.0
1526,161,-1.0
1165,161,-1.0
1527,161,-1.0
980,161,-1.0
262,161,-1.0
623,161,-1.0
225,161,-1.0
731,161,-1.0
1497,161,-1.0
1528,161,-1.0
1529,161,-1.0
146,172,1.0
646,172,1.0
435,172,1.0
1530,172,1.0
1531,172,1.0
1226,172,1.0
1132,172,1.0
1532,172,1.0
645,172,-1.0
439,172,-1.0
1533,172,-1.0
1534,172,-1.0
1535,172,-1.0
1536,172,-1.0
147,172,-1.0
1537,292,-1.0
1538,292,-1.0
1539,703,-1.0
1540,703,-1.0
1541,703,-1.0
1542,703,-1.0
1543,1544,1.0
1545,1544,1.0
1546,1544,-1.0
1547,1544,-1.0
1548,1544,-1.0
1549,552,-1.0
1550,552,-1.0
1551,1020,-1.0
1552,1020,-1.0
1553,1020,-1.0
1554,1020,-1.0
1555,1407,-1.0
1556,585,1.0
1557,585,1.0
1558,585,1.0
1149,585,-1.0
1559,136,1.0
86,136,-1.0
506,1560,1.0
1561,42,-1.0
1562,42,-1.0
1563,548,-1.0
1564,506,1.0
1565,506,1.0
1566,506,1.0
217,506,1.0
216,506,1.0
1567,1568,-1.0
1569,1568,-1.0
1570,514,-1.0
91,1571,1.0
1572,1571,1.0
1573,98,-1.0
1574,98,-1.0
1575,98,-1.0
1576,98,-1.0
1064,177,1.0
1577,177,1.0
347,177,1.0
1578,177,1.0
1030,177,1.0
686,177,1.0
708,177,-1.0
1406,177,-1.0
574,177,-1.0
1579,177,-1.0
695,177,-1.0
1580,177,-1.0
1581,303,1.0
1582,303,1.0
1583,303,1.0
1584,348,-1.0
1585,348,-1.0
1586,348,-1.0
1587,516,-1.0
1588,516,-1.0
1589,516,-1.0
1590,1591,-1.0
1592,1591,-1.0
723,1591,-1.0
934,1591,-1.0
1593,362,1.0
1594,362,1.0
1595,362,1.0
380,166,1.0
1596,166,1.0
3,166,1.0
1027,166,1.0
1597,166,1.0
1598,166,-1.0
1599,166,-1.0
1600,166,-1.0
1601,166,-1.0
1602,166,-1.0
1603,166,-1.0
1604,1605,-1.0
1606,1605,-1.0
1607,1605,-1.0
1608,1605,-1.0
1609,1578,1.0
1610,1578,1.0
1416,1578,1.0
1611,1578,1.0
1612,1578,1.0
114,1578,1.0
1613,1578,-1.0
551,1220,-1.0
1614,819,-1.0
1615,921,1.0
1616,921,1.0
1617,921,1.0
1618,233,1.0
1619,233,1.0
1620,233,1.0
1621,1103,1.0
1622,1103,1.0
936,196,1.0
1433,196,1.0
526,196,1.0
778,196,1.0
840,196,-1.0
295,196,-1.0
1623,433,-1.0
1624,433,-1.0
1625,433,-1.0
1626,280,-1.0
1627,280,-1.0
1628,280,-1.0
1629,280,-1.0
1630,280,-1.0
1631,280,-1.0
1632,280,-1.0
1633,280,-1.0
1634,1635,1.0
1636,1635,1.0
1568,1635,1.0
1637,1635,1.0
1638,1635,-1.0
932,1635,-1.0
1499,1635,-1.0
1639,1635,-1.0
1640,1641,1.0
1642,1641,1.0
997,1641,1.0
1643,1641,-1.0
1644,1577,1.0
1645,1577,1.0
1646,1577,1.0
1647,1577,1.0
1648,1577,1.0
1649,1577,1.0
1650,1651,-1.0
650,1580,1.0
1652,1580,1.0
1653,253,1.0
1654,253,1.0
1655,253,1.0
1656,253,-1.0
1657,669,-1.0
1658,713,-1.0
1659,713,-1.0
1660,713,-1.0
1661,713,-1.0
1662,631,1.0
1663,631,1.0
1664,631,1.0
1665,631,1.0
1666,631,1.0
1667,631,1.0
1668,631,1.0
1211,631,1.0
1669,631,1.0
1670,631,-1.0
1671,858,-1.0
1672,1491,-1.0
860,855,-1.0
1252,855,-1.0
1673,1674,-1.0
860,1675,-1.0
1676,1675,-1.0
1677,147,-1.0
1678,147,-1.0
1679,147,-1.0
1680,147,-1.0
1681,147,-1.0
986,171,1.0
1682,171,1.0
74,171,1.0
334,171,1.0
1674,171,1.0
1683,171,1.0
1684,171,-1.0
665,171,-1.0
482,171,-1.0
604,171,-1.0
1685,171,-1.0
1686,171,-1.0
1687,1514,-1.0
116,409,1.0
1265,409,1.0
1688,409,1.0
1689,409,1.0
1690,409,1.0
1691,409,1.0
1114,409,-1.0
429,409,-1.0
1692,409,-1.0
1693,173,1.0
1694,173,1.0
1082,173,-1.0
441,173,-1.0
1695,228,-1.0
1696,228,-1.0
1697,265,-1.0
1698,23,-1.0
1699,94,-1.0
1700,94,-1.0
1701,94,-1.0
1156,1045,-1.0
1702,918,1.0
1703,918,1.0
76,918,1.0
835,194,1.0
1704,194,1.0
1705,194,1.0
1706,194,1.0
1707,1708,1.0
1709,1708,1.0
1710,1708,1.0
1711,1708,1.0
532,1708,1.0
1712,1708,-1.0
1713,1708,-1.0
1714,1708,-1.0
1715,1708,-1.0
1716,1708,-1.0
1717,1708,-1.0
1718,1708,-1.0
1719,1411,-1.0
1720,540,-1.0
683,540,-1.0
1721,1513,-1.0
1722,1710,1.0
1723,1710,1.0
1724,1710,1.0
1725,1710,1.0
1726,1710,1.0
1484,992,-1.0
1727,150,-1.0
1728,1729,1.0
928,1729,1.0
1074,1729,1.0
1730,1729,1.0
1731,333,-1.0
1732,333,-1.0
1733,333,-1.0
1734,333,-1.0
1735,1528,-1.0
1736,313,1.0
1737,313,1.0
1738,313,-1.0
1739,1531,-1.0
1740,1152,1.0
1741,1152,1.0
1742,1152,1.0
109,1152,1.0
1743,1152,1.0
1744,1152,1.0
105,1152,-1.0
106,1152,-1.0
107,1152,-1.0
219,1745,-1.0
867,1745,-1.0
1204,1745,-1.0
1746,1745,-1.0
1747,1745,-1.0
1748,1745,-1.0
1749,1750,1.0
1751,1750,1.0
1752,1750,1.0
1753,962,-1.0
1754,43,-1.0
1755,254,1.0
1750,254,1.0
1756,254,1.0
747,254,1.0
1757,254,-1.0
1758,254,-1.0
1759,254,-1.0
1760,254,-1.0
1761,932,-1.0
1762,932,-1.0
1763,932,-1.0
1764,1765,-1.0
1766,1767,-1.0
1768,1767,-1.0
1769,1767,-1.0
1770,1767,-1.0
1771,805,-1.0
1772,16,-1.0
1773,1639,-1.0
1774,1639,-1.0
240,1526,-1.0
1651,1526,-1.0
1775,1776,1.0
1777,1776,1.0
1778,1776,1.0
1779,1776,1.0
1780,1776,1.0
1781,1776,1.0
1782,1776,1.0
1783,1776,1.0
1784,1776,1.0
1785,1776,1.0
1786,1776,1.0
1787,1776,1.0
1788,1776,-1.0
1789,1776,-1.0
1790,1776,-1.0
1791,1792,-1.0
1793,1792,-1.0
1794,1792,-1.0
1795,1796,-1.0
1797,1431,-1.0
1142,1685,1.0
1798,1685,1.0
1799,1685,1.0
1800,1685,1.0
1801,1685,1.0
1802,1803,-1.0
290,1150,1.0
291,1150,1.0
292,1150,1.0
1804,1150,1.0
1805,1150,-1.0
1806,1807,1.0
1808,1807,1.0
1809,1807,1.0
90,1810,-1.0
1811,464,-1.0
1812,464,-1.0
1813,464,-1.0
1167,741,1.0
1814,741,1.0
1815,741,1.0
1816,741,1.0
1817,741,1.0
1818,1819,1.0
1495,1819,1.0
1208,1819,1.0
1820,1819,-1.0
1821,1819,-1.0
1822,1819,-1.0
1823,1819,-1.0
1824,1819,-1.0
1825,1826,-1.0
1827,1826,-1.0
1828,1448,-1.0
1829,1448,-1.0
1830,1448,-1.0
1831,1448,-1.0
1083,1694,1.0
1832,1694,1.0
1833,1834,1.0
45,1834,1.0
1835,1834,1.0
822,817,-1.0
1836,1837,-1.0
1838,182,1.0
1839,182,1.0
139,182,1.0
1840,182,1.0
1841,182,1.0
1729,182,-1.0
1510,182,-1.0
1842,182,-1.0
1843,1146,1.0
1844,1146,1.0
1845,1146,-1.0
1846,1146,-1.0
1847,1146,-1.0
1848,1146,-1.0
1849,1146,-1.0
1850,1755,-1.0
1851,1755,-1.0
1852,1755,-1.0
1853,432,-1.0
1854,432,-1.0
1855,1856,-1.0
1857,1856,-1.0
1858,520,1.0
1859,520,1.0
1860,520,1.0
1861,1668,1.0
1862,1668,1.0
1863,1668,1.0
1864,1668,1.0
1445,1099,-1.0
1865,940,-1.0
1866,940,-1.0
1867,1868,-1.0
1869,1870,-1.0
1871,1870,-1.0
1872,1873,1.0
1560,1873,1.0
1874,1873,1.0
1875,1876,-1.0
1877,242,1.0
1878,242,1.0
1879,242,1.0
1880,298,-1.0
1881,481,-1.0
1882,481,-1.0
1883,1884,-1.0
1885,1594,1.0
1886,1594,1.0
1887,1594,1.0
1888,916,1.0
1889,916,1.0
1571,916,1.0
1767,916,-1.0
1002,916,-1.0
1890,916,-1.0
1891,1536,-1.0
1892,956,-1.0
1893,468,-1.0
1894,468,-1.0
1895,468,-1.0
1896,468,-1.0
1897,575,-1.0
1898,575,-1.0
1899,1836,-1.0
1900,451,1.0
1901,451,1.0
1902,451,1.0
1903,451,1.0
1904,451,1.0
1905,451,1.0
1906,451,1.0
1907,802,-1.0
1908,1031,-1.0
1909,1031,-1.0
1910,1911,-1.0
1912,1911,-1.0
1913,1911,-1.0
1914,1911,-1.0
1915,1916,-1.0
1917,36,-1.0
1918,36,-1.0
1919,1151,1.0
241,1151,1.0
1258,1151,1.0
11,1151,1.0
639,1151,1.0
1920,1151,1.0
1921,1922,-1.0
1923,91,-1.0
1924,1925,-1.0
1926,1666,1.0
1927,1666,1.0
1928,1707,1.0
1929,1707,1.0
1930,1707,1.0
1931,1707,1.0
1932,1707,1.0
1933,715,1.0
1934,715,-1.0
1935,715,-1.0
1936,715,-1.0
1937,715,-1.0
1938,715,-1.0
1939,1940,-1.0
1941,24,-1.0
1942,24,-1.0
1943,24,-1.0
1944,24,-1.0
1945,537,-1.0
1946,941,-1.0
1947,941,-1.0
1948,941,-1.0
1949,1527,-1.0
1950,1527,-1.0
1951,1062,-1.0
1952,1842,1.0
1953,1842,1.0
938,937,-1.0
266,937,-1.0
297,937,-1.0
1954,442,-1.0
1955,968,-1.0
1956,968,-1.0
1957,968,-1.0
1958,968,-1.0
840,275,-1.0
1959,275,-1.0
1960,275,-1.0
537,1438,1.0
539,1438,1.0
540,1438,1.0
541,1438,1.0
542,1438,1.0
543,1438,1.0
544,1438,1.0
1961,1438,-1.0
1962,1664,1.0
1963,1664,1.0
1964,1664,1.0
1965,1664,1.0
1966,1664,1.0
1967,1664,-1.0
1641,1638,-1.0
1968,1638,-1.0
1969,1638,-1.0
1970,1638,-1.0
1763,1638,-1.0
1144,1638,-1.0
1971,1638,-1.0
1972,1638,-1.0
1973,1638,-1.0
1974,1690,-1.0
1975,1976,-1.0
1977,1976,-1.0
1978,1976,-1.0
1979,1840,-1.0
1980,1840,-1.0
1981,1840,-1.0
1982,666,-1.0
1983,1984,-1.0
1985,1758,1.0
1986,985,-1.0
1987,985,-1.0
1988,985,-1.0
1989,985,-1.0
1990,1746,-1.0
1991,1746,-1.0
1992,1746,-1.0
1993,705,-1.0
1994,705,-1.0
1745,1995,1.0
1996,1995,1.0
1997,1995,1.0
1605,1995,1.0
492,1995,1.0
1998,1995,1.0
1501,1995,1.0
870,1995,-1.0
1204,1995,-1.0
1999,1995,-1.0
571,1995,-1.0
867,1995,-1.0
219,1995,-1.0
833,1485,1.0
2000,1485,1.0
2001,1485,1.0
2002,1485,1.0
797,1485,-1.0
2003,942,-1.0
1404,2004,1.0
2005,2006,-1.0
2007,712,-1.0
2008,1067,-1.0
2009,1067,-1.0
373,1067,-1.0
2010,1067,-1.0
2011,958,-1.0
2012,1640,-1.0
2013,1640,-1.0
2014,1804,-1.0
2015,1804,-1.0
2016,1804,-1.0
2017,1859,-1.0
2018,2019,-1.0
2020,636,1.0
2021,636,1.0
2022,636,1.0
1170,637,1.0
2023,19,-1.0
2024,1614,-1.0
1455,47,-1.0
2025,47,-1.0
2026,47,-1.0
2027,47,-1.0
2028,47,-1.0
2029,47,-1.0
2030,1609,-1.0
2031,1524,1.0
2032,1524,-1.0
2033,1524,-1.0
432,430,-1.0
2034,430,-1.0
2035,1665,1.0
1243,1665,1.0
363,1665,1.0
2036,1665,-1.0
153,1665,-1.0
2037,290,-1.0
2038,100,-1.0
2039,100,-1.0
2040,100,-1.0
2041,622,1.0
2042,622,1.0
2043,622,1.0
2044,622,1.0
2045,622,1.0
2046,622,-1.0
1925,949,-1.0
2047,949,-1.0
2048,1458,-1.0
2049,515,-1.0
142,515,-1.0
2050,106,-1.0
109,106,-1.0
2051,106,-1.0
2052,106,-1.0
2053,106,-1.0
2054,95,-1.0
2055,249,1.0
2056,249,1.0
2057,249,1.0
2058,2059,-1.0
288,1919,-1.0
2060,1919,-1.0
2061,2062,-1.0
2063,2062,-1.0
2064,2065,-1.0
2066,969,-1.0
2067,994,-1.0
2068,994,-1.0
2069,1998,-1.0
2070,1998,-1.0
2071,735,1.0
1092,735,1.0
2072,735,1.0
1870,735,1.0
2073,2074,-1.0
2075,1494,-1.0
2076,2077,-1.0
1675,2077,-1.0
327,2077,-1.0
2078,2077,-1.0
2079,1232,-1.0
2080,1533,-1.0
2081,1533,-1.0
2082,167,1.0
2083,167,1.0
2084,167,1.0
2085,167,1.0
2086,167,1.0
2087,167,1.0
2088,167,1.0
2089,167,1.0
2090,167,1.0
2091,167,1.0
2092,167,1.0
2093,167,1.0
2094,167,1.0
2095,167,1.0
171,167,1.0
1638,2096,1.0
932,2096,1.0
1499,2096,1.0
1639,2096,1.0
1634,2096,-1.0
1636,2096,-1.0
1568,2096,-1.0
1637,2096,-1.0
2097,693,-1.0
2098,92,-1.0
2099,92,-1.0
2100,92,-1.0
2101,2102,1.0
2103,2102,1.0
2104,2102,1.0
138,1838,1.0
2105,1838,-1.0
2106,1838,-1.0
2107,831,-1.0
2108,831,-1.0
961,188,1.0
1995,188,1.0
48,188,1.0
2109,188,1.0
2110,188,1.0
2111,188,1.0
2112,188,1.0
2113,188,1.0
2114,188,1.0
2115,188,-1.0
2116,188,-1.0
1060,188,-1.0
2117,188,-1.0
2118,188,-1.0
2119,188,-1.0
2120,188,-1.0
2121,188,-1.0
1136,188,-1.0
494,188,-1.0
2122,944,-1.0
2123,944,-1.0
2124,944,-1.0
2125,944,-1.0
2126,1689,-1.0
2127,1689,-1.0
2128,1689,-1.0
2129,2130,1.0
2131,2130,1.0
2132,2130,1.0
2133,2130,1.0
2134,2130,1.0
2135,743,1.0
2136,743,1.0
1591,743,1.0
1414,1430,-1.0
2137,1430,-1.0
551,1134,-1.0
1,170,1.0
489,170,1.0
2138,170,1.0
905,170,1.0
490,170,-1.0
749,170,-1.0
1826,170,-1.0
973,170,-1.0
148,1482,1.0
2139,1482,1.0
946,1482,1.0
2140,1482,-1.0
2141,1482,-1.0
2142,1482,-1.0
2143,1482,-1.0
2144,1482,-1.0
2145,2071,-1.0
2146,2071,-1.0
2147,1153,1.0
289,1153,1.0
290,1153,-1.0
291,1153,-1.0
292,1153,-1.0
293,1153,-1.0
16,26,-1.0
2148,26,-1.0
2149,26,-1.0
2150,200,1.0
2151,200,1.0
2152,200,1.0
2153,200,1.0
2154,200,1.0
2155,200,1.0
2156,200,1.0
2157,200,1.0
2158,200,1.0
2159,200,-1.0
2160,200,-1.0
2161,200,-1.0
2162,200,-1.0
2163,1233,-1.0
2164,1863,1.0
2165,1863,1.0
1422,407,1.0
2166,407,1.0
2167,407,1.0
616,407,1.0
2168,407,-1.0
2169,1484,1.0
2170,1484,1.0
33,1484,1.0
1976,1484,1.0
1922,1484,1.0
2171,1484,1.0
992,1484,-1.0
734,1484,-1.0
2172,1486,1.0
2173,1486,1.0
2174,199,1.0
2175,1129,-1.0
2176,664,-1.0
2177,664,-1.0
2178,2179,-1.0
2180,2179,-1.0
2181,2182,-1.0
302,318,1.0
2183,318,1.0
2184,318,1.0
602,318,1.0
2185,318,1.0
2186,318,1.0
2187,318,1.0
2188,318,1.0
2189,869,-1.0
2190,184,1.0
2191,184,1.0
2192,184,1.0
782,184,1.0
2193,184,1.0
657,184,1.0
2194,184,-1.0
2195,184,-1.0
2196,184,-1.0
2197,184,-1.0
2198,184,-1.0
1868,184,-1.0
2199,184,-1.0
1461,1460,-1.0
1055,1460,-1.0
2200,1460,-1.0
919,1460,-1.0
2201,1460,-1.0
2202,1460,-1.0
477,1460,-1.0
1247,410,1.0
1087,410,1.0
1911,410,1.0
2065,410,-1.0
2019,410,-1.0
2006,410,-1.0
2203,2204,-1.0
2205,2204,-1.0
2206,2204,-1.0
2207,2208,-1.0
2209,2208,-1.0
2210,2208,-1.0
2211,1841,-1.0
1255,912,1.0
2212,912,1.0
1984,912,1.0
91,1889,1.0
2213,491,-1.0
2214,1101,-1.0
2215,40,-1.0
2216,40,-1.0
2217,40,-1.0
2218,40,-1.0
2219,40,-1.0
2220,1818,-1.0
2221,1818,-1.0
2222,1818,-1.0
2223,1818,-1.0
2224,2211,-1.0
2225,2226,1.0
2227,2226,1.0
2228,2226,1.0
2229,2226,1.0
2230,2226,1.0
2231,716,-1.0
2232,716,-1.0
2233,252,1.0
2234,252,1.0
2235,252,1.0
2236,252,1.0
2237,252,1.0
2238,252,-1.0
1656,252,-1.0
2239,163,1.0
2240,163,1.0
2241,163,1.0
2242,163,1.0
2243,163,-1.0
122,163,-1.0
1048,411,1.0
2204,411,1.0
2244,411,-1.0
2245,1686,1.0
2246,1686,1.0
2247,1686,1.0
2248,1686,-1.0
2249,1686,-1.0
2250,1686,-1.0
2251,1686,-1.0
2252,1686,-1.0
2253,1999,-1.0
1991,1999,-1.0
2254,1999,-1.0
2255,1711,1.0
2256,2257,1.0
2258,2257,1.0
2259,2257,1.0
2260,2257,1.0
2261,2257,1.0
2262,2257,1.0
2263,2257,1.0
2264,830,-1.0
2265,2266,-1.0
2267,2266,-1.0
2268,2266,-1.0
2269,2270,1.0
2271,2270,1.0
2272,2270,1.0
2273,2270,1.0
2274,2270,1.0
447,2196,1.0
2275,2196,1.0
260,2196,1.0
2276,2196,1.0
2277,2139,-1.0
2278,2139,-1.0
2279,2139,-1.0
2280,1683,-1.0
2281,338,-1.0
2282,338,-1.0
2283,1997,-1.0
2284,1997,-1.0
2285,1997,-1.0
2286,1525,-1.0
2287,1525,-1.0
2288,105,-1.0
2289,105,-1.0
2290,105,-1.0
2291,105,-1.0
2292,105,-1.0
2293,105,-1.0
2294,326,-1.0
2295,326,-1.0
2296,326,-1.0
2297,326,-1.0
975,1693,1.0
512,1693,1.0
2298,1693,1.0
2266,1693,-1.0
2299,1693,-1.0
2300,1693,-1.0
2301,699,-1.0
2302,1662,1.0
2303,1662,1.0
2304,1662,1.0
2305,1662,1.0
2306,1662,-1.0
2307,421,-1.0
1560,421,-1.0
1872,421,-1.0
1873,421,-1.0
595,863,-1.0
2308,645,-1.0
2309,645,-1.0
2310,645,-1.0
2311,645,-1.0
2312,645,-1.0
2313,645,-1.0
2314,645,-1.0
2315,645,-1.0
2316,698,-1.0
2317,745,1.0
2318,745,1.0
2319,745,1.0
2320,1816,-1.0
2321,294,-1.0
2322,294,-1.0
1880,294,-1.0
2323,99,-1.0
2324,99,-1.0
2325,99,-1.0
2326,2327,1.0
2328,2327,1.0
2329,2327,1.0
2330,2327,-1.0
2331,2327,-1.0
2332,943,-1.0
2333,943,-1.0
2074,943,-1.0
2334,943,-1.0
2335,181,1.0
2336,181,1.0
2337,181,1.0
2338,181,1.0
2339,181,1.0
2340,181,1.0
2341,181,1.0
2342,181,1.0
2343,181,-1.0
2344,181,-1.0
2345,181,-1.0
2346,181,-1.0
2347,181,-1.0
2348,181,-1.0
2349,181,-1.0
2350,181,-1.0
2351,97,-1.0
2352,107,-1.0
2353,107,-1.0
288,107,-1.0
2354,137,-1.0
2355,137,-1.0
2062,137,-1.0
1085,137,-1.0
2356,137,-1.0
2357,709,-1.0
2358,709,-1.0
2359,709,-1.0
854,162,1.0
2360,162,1.0
596,162,1.0
1635,162,1.0
1019,162,1.0
2361,162,1.0
2077,162,-1.0
2096,162,-1.0
1447,162,-1.0
876,162,-1.0
2362,162,-1.0
803,162,-1.0
2363,1535,-1.0
2364,1535,-1.0
2365,1535,-1.0
307,160,1.0
2366,160,1.0
524,160,1.0
390,160,1.0
1819,160,-1.0
1147,160,-1.0
1856,160,-1.0
417,1202,1.0
416,1202,1.0
671,1202,1.0
2367,1597,-1.0
2368,1597,-1.0
2369,282,-1.0
2370,282,-1.0
2371,282,-1.0
1810,913,1.0
88,913,1.0
2372,913,1.0
2373,913,-1.0
2374,913,-1.0
1940,913,-1.0
2059,1669,1.0
342,1669,1.0
2375,687,-1.0
2376,687,-1.0
2377,687,-1.0
1544,186,1.0
2378,186,1.0
2379,186,1.0
502,186,1.0
2380,186,-1.0
2004,186,-1.0
2381,186,-1.0
2382,1015,-1.0
2383,1015,-1.0
2384,1015,-1.0
2385,1015,-1.0
2386,1015,-1.0
2387,1015,-1.0
2388,1015,-1.0
2389,1440,1.0
2390,1440,1.0
2179,1440,1.0
258,1440,1.0
2391,1440,1.0
772,1440,1.0
2392,1440,1.0
1985,1456,-1.0
2393,1456,-1.0
2394,1456,-1.0
2395,1456,-1.0
2396,569,-1.0
2397,569,-1.0
2398,2167,-1.0
2399,2167,-1.0
2400,2167,-1.0
2401,198,1.0
2402,198,1.0
2403,198,1.0
2404,198,1.0
2405,198,1.0
2406,198,1.0
1708,198,-1.0
1776,198,-1.0
2327,198,-1.0
2407,198,-1.0
2408,2409,-1.0
2410,1996,-1.0
2411,1996,-1.0
2412,1996,-1.0
494,1996,-1.0
2413,2138,-1.0
2414,1637,-1.0
2415,25,-1.0
2416,25,-1.0
2417,25,-1.0
2418,25,-1.0
2208,2190,1.0
2419,2190,1.0
2420,2190,1.0
2421,2190,1.0
2422,2190,-1.0
2423,2190,-1.0
2424,1487,-1.0
2425,2307,1.0
2102,2307,1.0
1796,1082,1.0
2426,1082,1.0
2427,1082,1.0
2428,1082,1.0
2429,1082,1.0
911,1082,-1.0
654,1082,-1.0
2430,1082,-1.0
579,578,-1.0
2431,320,1.0
2432,320,1.0
2433,1682,-1.0
2434,2042,-1.0
840,1880,-1.0
2435,988,-1.0
2436,988,-1.0
2437,988,-1.0
929,1022,-1.0
2438,2439,-1.0
2440,2439,-1.0
2441,2439,-1.0
2442,148,-1.0
2443,967,-1.0
2444,967,-1.0
2445,967,-1.0
2446,967,-1.0
911,2426,-1.0
2447,315,1.0
2448,329,-1.0
2449,329,-1.0
2450,329,-1.0
2451,185,1.0
2452,185,1.0
7,1523,1.0
1512,1523,1.0
977,1523,1.0
1837,1523,1.0
2453,1523,-1.0
2454,1688,-1.0
2455,1688,-1.0
2456,2072,-1.0
2457,2072,-1.0
2458,2000,-1.0
659,1663,1.0
127,1663,1.0
1237,1663,1.0
2459,1663,1.0
2460,1652,-1.0
2461,1652,-1.0
2462,1652,-1.0
2463,2199,-1.0
2464,2199,-1.0
2465,668,-1.0
2466,2467,-1.0
2468,2467,-1.0
2469,2467,-1.0
2470,73,1.0
2471,73,1.0
2472,73,1.0
2473,73,1.0
2474,73,1.0
2475,73,1.0
2476,2197,-1.0
2477,2197,-1.0
2478,1642,-1.0
2479,1642,-1.0
2480,1642,-1.0
2481,685,-1.0
2482,175,1.0
2483,175,1.0
1876,175,1.0
2484,175,1.0
479,175,1.0
1241,175,1.0
2485,175,-1.0
2486,175,-1.0
2487,175,-1.0
2488,175,-1.0
2489,175,-1.0
2490,175,-1.0
2491,175,-1.0
614,175,-1.0
643,175,-1.0
480,175,-1.0
2492,1953,1.0
2493,1953,1.0
2494,738,1.0
2495,738,1.0
2496,738,1.0
2497,541,-1.0
2498,541,-1.0
2499,1446,-1.0
2500,1446,-1.0
765,632,1.0
2501,632,1.0
1765,632,1.0
1803,632,1.0
1006,632,1.0
2502,632,1.0
793,632,1.0
2182,632,1.0
2503,632,1.0
681,632,1.0
2504,632,1.0
396,632,1.0
2505,632,1.0
2300,1832,-1.0
210,2360,1.0
1884,2360,-1.0
2506,2360,-1.0
332,2360,-1.0
2507,1890,-1.0
2508,1890,-1.0
2509,466,-1.0
2510,978,-1.0
2511,577,-1.0
2512,577,-1.0
2513,577,-1.0
359,577,-1.0
2514,132,-1.0
2515,103,1.0
2516,103,1.0
2517,103,1.0
2518,103,1.0
2519,103,1.0
2520,103,1.0
2439,405,1.0
1916,405,1.0
452,405,1.0
999,405,1.0
2467,405,-1.0
1133,1684,1.0
591,1684,1.0
1221,1684,1.0
2521,1684,1.0
2522,1405,-1.0
2523,1405,-1.0
2524,51,-1.0
2525,51,-1.0
2526,51,-1.0
2527,244,1.0
2528,244,1.0
2529,244,1.0
2530,244,1.0
2531,244,1.0
2532,2213,-1.0
2533,1793,-1.0
2534,231,-1.0
2535,231,-1.0
2536,598,-1.0
2537,38,-1.0
2538,965,-1.0
2539,965,-1.0
2540,965,-1.0
546,165,1.0
1428,165,1.0
1834,165,1.0
818,165,1.0
339,165,1.0
399,165,-1.0
2257,165,-1.0
896,165,-1.0
2226,165,-1.0
1467,165,-1.0
2270,165,-1.0
883,165,-1.0
2130,165,-1.0
1807,165,-1.0
674,165,-1.0
83,165,-1.0
2541,1530,1.0
2542,1530,1.0
2543,1530,1.0
2544,1530,1.0
2545,1530,1.0
645,1530,-1.0
439,1530,-1.0
2546,1530,-1.0
147,1530,-1.0
1792,519,1.0
361,519,1.0
2547,519,1.0
2409,519,1.0
2548,519,-1.0
2549,519,-1.0
860,856,-1.0
2550,856,-1.0
1613,1612,-1.0
2551,1612,-1.0
1590,737,1.0
1592,737,1.0
723,737,1.0
934,737,1.0
2552,2104,1.0
409,2168,1.0
93,2168,1.0
410,2168,1.0
412,2168,1.0
411,2168,1.0
2553,2168,-1.0
2554,1579,1.0
2555,1579,1.0
2556,1579,1.0
2557,1579,1.0
2558,1691,-1.0
2559,1691,-1.0
2560,1691,-1.0
